Day,Alabama,Alaska,Arizona,Arkansas,California,Colorado,Conneticut,Delaware,District of Columbia,Florida,Georgia,Hawaii,Idaho,Illinois,Indiana,Iowa,Kansas,Kentucky,Louisiana,Maine,Maryland,Massachusetts,Michigan,Minnesota,Mississippi,Missouri,Montana,Nebraska,Nevada,New Hampshire,New Jersey,New Mexico,New York,North Carolina,North Dakota,Ohio,Oklahoma,Oregon,Pennsylvania,Rhode Island,South Carolina,South Dakota,Tennessee,Texas,Utah,Vermont,Virginia,Washington,West Virginia,Wisconsin,Wyoming
1,14,-4,12,7,8,1,2,7,8,17,8,22,-12,-1,1,-2,0,6,20,0,8,4,0,-3,18,0,-12,-1,2,-1,6,2,-2,8,-6,3,8,3,6,2,10,-9,9,17,-4,,,,,,
2,17,-5,11,10,7,1,-1,6,6,19,12,22,-7,5,7,2,6,12,20,-2,6,1,1,-1,17,7,-16,1,1,-6,2,1,-3,9,-13,7,14,-1,2,-1,17,-9,14,18,-4,,,,,,
3,14,-6,12,9,9,-7,3,8,7,21,16,22,-6,1,6,-6,-2,11,17,-3,7,6,2,-8,18,1,-19,-7,1,-1,6,3,1,10,-21,9,3,0,5,5,18,-18,12,16,-6,,,,,,
4,9,-5,13,1,10,-13,6,8,8,14,8,22,-6,-8,-3,-12,-9,0,12,0,8,6,-8,-18,8,-7,-18,-12,2,4,7,3,1,12,-22,-1,-2,-1,6,6,14,-20,2,6,-1,,,,,,
5,7,-3,14,-1,6,-17,-1,0,1,12,6,22,-13,-11,-10,-13,-11,-6,12,-3,2,-1,-12,-19,6,-9,-22,-16,-6,-3,-2,-2,-4,3,-20,-9,-6,-2,-2,-1,9,-18,-2,9,-10,,,,,,
6,4,-3,14,-6,3,-13,-3,-1,-1,16,3,22,-19,-14,-14,-14,-13,-10,3,-7,0,-2,-13,-19,-1,-13,-18,-16,-9,-8,-3,-9,-8,3,-22,-12,-12,-3,-4,-3,7,-17,-6,-2,-13,,,,,,
7,-2,-6,13,-6,9,-8,-7,-6,-5,5,-3,21,-12,-12,-13,-9,-11,-12,-2,-12,-4,-7,-13,-15,-4,-9,-18,-12,-2,-11,-6,-8,-7,-3,-27,-13,-9,-3,-5,-6,1,-19,-8,0,-14,,,,,,
8,-1,-7,17,-4,16,-1,-9,-8,-7,2,-4,22,-1,-11,-11,-9,-3,-9,1,-12,-6,-9,-11,-14,-3,-8,-12,-8,4,-12,-7,0,-6,-6,-22,-11,-1,1,-7,-8,-1,-10,-7,3,-1,,,,,,
9,3,-5,16,3,12,10,-11,-9,-5,4,1,22,3,-1,-3,-4,1,-2,7,-14,-6,-10,-6,-7,6,1,-4,-3,4,-14,-10,3,-11,-7,-17,-6,6,3,-7,-11,1,-11,1,14,6,,,,,,
10,9,-6,16,16,12,4,-6,-3,0,9,6,23,2,7,7,1,5,7,18,-7,0,-2,3,-9,16,8,-11,-1,4,-7,-4,6,-2,2,-17,4,12,3,-2,-3,6,-12,11,21,5,,,,,,
11,17,-8,14,18,9,4,8,8,8,13,15,23,0,7,8,-4,6,10,20,7,8,8,3,-14,20,10,-18,-4,3,6,7,7,7,9,-24,7,14,1,3,9,15,-14,17,21,4,,,,,,
12,17,-4,14,17,7,-1,9,16,17,15,15,24,-4,1,8,-8,-5,13,22,6,17,10,-1,-14,21,0,-19,-8,-1,8,13,4,9,18,-22,10,7,-2,14,10,17,-19,16,23,0,,,,,,
13,18,2,16,8,8,-2,5,10,12,17,16,24,-8,-3,-2,-7,-5,4,21,-1,12,11,-6,-17,20,-3,-19,-7,-2,2,8,6,0,17,-21,-1,-1,-3,8,11,18,-14,8,19,1,,,,,,
14,16,4,16,6,6,0,-3,1,4,17,16,24,-9,0,0,-2,0,5,18,-11,3,-4,-4,-11,18,-1,-20,-2,-1,-7,0,7,-7,9,-20,-1,-1,-3,0,-4,16,-14,14,11,-1,,,,,,
15,16,4,13,7,6,-2,-1,2,6,17,16,24,-13,0,1,-1,1,4,18,-6,4,0,-4,-10,17,0,-18,-1,-3,-6,1,1,-4,9,-18,0,4,-3,1,-1,17,-14,11,17,-1,,,,,,
16,18,4,14,13,7,-1,-2,1,6,19,14,24,-14,8,7,1,5,10,22,-6,4,1,-2,-7,19,8,-17,1,-2,-4,0,3,-3,9,-13,3,6,-1,-2,-1,14,-11,16,18,-3,,,,,,
17,19,2,12,11,4,-1,1,6,8,17,17,25,-13,9,9,2,2,13,23,-1,6,3,2,0,21,5,-12,-1,-2,-2,5,3,-3,13,-8,11,7,2,4,2,18,-8,15,12,-3,,,,,,
18,20,0,13,7,8,2,2,8,11,21,17,26,-5,5,3,4,4,4,23,-6,10,2,2,0,18,6,-5,3,2,-1,5,2,2,14,-4,4,8,12,8,3,19,-4,9,11,-3,,,,,,
19,18,1,11,10,11,5,4,6,8,20,17,24,3,5,5,2,7,8,19,-1,6,4,3,0,16,8,-1,3,2,1,4,3,4,10,-8,4,10,9,6,5,14,-7,12,17,-1,,,,,,
20,19,-6,11,15,10,2,3,4,7,22,18,24,4,9,10,4,7,14,21,0,5,3,3,2,18,10,-2,6,1,-2,2,2,3,12,-6,9,11,7,2,2,19,-7,17,17,2,,,,,,
21,18,-8,12,14,10,-1,7,7,9,22,15,23,2,13,14,4,6,14,20,3,8,8,8,2,18,13,-12,5,1,4,7,1,8,12,-5,11,11,7,6,7,17,-4,17,18,1,,,,,,
22,14,-6,12,12,11,1,7,7,9,19,14,24,1,8,11,1,4,11,17,1,9,7,6,2,14,8,-8,0,2,2,8,1,4,13,-4,12,9,7,8,6,17,-5,16,17,0,,,,,,
23,14,-3,13,9,8,3,3,7,7,16,11,24,-2,6,8,1,1,10,14,-2,8,3,4,1,11,2,-5,-1,-1,0,5,5,2,11,-1,9,7,6,6,4,13,-2,9,16,3,,,,,,
24,12,3,10,11,8,-5,2,6,7,14,11,24,-4,6,5,1,7,6,14,-2,7,4,3,0,12,4,-11,1,-4,1,4,-1,1,11,-3,5,15,3,4,4,14,-3,9,19,0,,,,,,
25,13,4,9,12,6,-7,3,9,12,15,12,24,-6,6,8,0,2,8,19,1,10,4,3,-1,17,7,-9,-2,-6,1,8,-3,2,13,-6,6,4,6,10,5,14,-7,10,15,-3,,,,,,
26,12,6,9,5,8,-8,6,10,11,17,13,24,-4,1,2,-3,0,4,12,2,10,7,2,-3,8,-1,-6,-2,-3,5,9,-6,6,14,-7,1,2,8,7,7,16,-8,7,10,-4,,,,,,
27,4,5,9,4,8,-4,4,4,6,9,3,23,-6,-2,-1,-4,2,1,7,2,5,4,-1,-4,4,0,-7,-3,-3,3,4,-7,3,5,-2,-1,3,3,4,4,8,-3,4,9,-8,,,,,,
28,6,4,10,6,8,1,1,3,5,7,5,22,-5,1,-2,-2,4,2,10,0,5,2,-2,-3,8,3,-6,2,-3,1,1,-2,1,4,1,-1,5,4,3,2,6,0,5,10,-5,,,,,,
29,7,2,13,8,8,6,1,3,5,11,8,23,-7,-1,-2,1,6,1,12,-1,4,3,-6,-6,10,4,-3,3,-3,-1,2,1,1,6,3,-1,11,6,2,2,8,1,3,13,-7,,,,,,
30,9,-2,16,12,8,9,-2,1,2,9,10,23,-9,1,-2,5,7,-1,14,-4,1,-1,-8,-3,12,6,-1,7,0,-4,1,3,-4,3,3,-3,13,7,-2,-2,7,3,6,17,-6,,,,,,
31,13,-3,16,14,8,9,-6,3,6,13,14,23,-6,6,4,4,4,8,17,-9,6,-4,-2,1,18,7,-3,4,4,-7,-1,4,-7,10,-3,2,12,7,1,-4,12,-2,13,16,-4,,,,,,
32,14,-4,16,13,9,-4,0,3,6,15,12,22,-4,2,3,-1,2,7,20,-8,5,2,-1,-6,18,4,-12,-3,3,-2,3,7,-1,13,-11,1,9,3,6,1,16,-8,9,19,-2,,,,,,
33,15,-2,16,7,13,-7,0,4,6,17,11,21,-2,-3,-3,-7,-3,1,19,-6,6,2,-8,-11,12,-1,-19,-5,7,-4,3,3,-3,9,-16,-3,1,5,2,-1,16,-12,6,13,-1,,,,,,
34,9,-2,16,4,15,-6,-3,0,2,18,10,22,2,-4,-4,-4,-1,-4,11,-7,1,-2,-8,-9,8,-2,-18,-3,4,-4,-2,6,-4,6,-17,-6,2,2,-2,-3,12,-11,2,9,3,,,,,,
35,7,-1,16,1,13,8,-3,-2,1,11,12,23,4,-3,-4,-1,4,-4,11,-7,1,-3,-7,-5,8,-3,-10,3,7,-6,-3,4,-4,2,-11,-6,4,11,-2,-3,4,-7,2,9,8,,,,,,
36,7,-2,16,9,12,8,0,3,6,13,14,26,6,4,4,0,4,7,18,-3,6,2,-2,-4,11,4,-8,-1,6,-1,2,7,-1,7,-13,4,6,6,3,2,9,-11,11,17,7,,,,,,
37,14,-3,16,17,13,9,1,6,8,17,15,24,6,6,4,6,7,7,22,-4,7,2,-1,-3,19,8,-16,2,8,-2,7,4,-2,10,-12,4,17,4,8,1,13,-9,10,23,9,,,,,,
38,16,-4,17,21,14,9,0,13,16,16,13,23,3,9,12,2,3,15,23,-10,12,6,4,-5,21,10,-18,1,9,-5,4,6,-1,17,-18,13,14,3,7,1,18,-12,16,22,11,,,,,,
39,20,-7,18,13,16,9,4,14,17,21,16,22,4,-4,2,-7,-4,7,24,-2,16,4,-2,-13,18,-2,-16,-8,11,1,11,9,3,18,-19,4,5,6,9,8,19,-14,12,21,11,,,,,,
40,13,-6,20,3,15,11,-4,1,4,16,9,22,11,-8,-7,-9,-2,-3,15,-7,3,-4,-8,-12,8,-4,-1,-4,10,-7,0,8,-7,8,-15,-6,5,13,0,-3,11,-9,1,13,13,,,,,,
41,12,-3,21,12,13,18,-7,-2,-1,13,8,22,7,4,1,4,11,3,15,-13,-1,-8,-4,0,14,9,4,10,3,-13,-4,11,-11,4,1,-4,16,8,-3,-8,7,2,7,18,12,,,,,,
42,14,0,21,22,13,8,-2,7,7,15,12,22,2,13,14,7,14,15,23,-14,8,-5,4,4,22,14,0,8,0,-12,3,10,-3,14,1,8,22,6,4,-4,16,4,18,24,3,,,,,,
43,22,3,19,16,11,3,-3,7,10,22,18,23,1,6,8,4,6,12,24,-11,9,-3,3,0,22,6,-3,3,1,-9,3,4,-3,22,1,8,14,4,3,-3,20,2,14,23,2,,,,,,
44,14,6,19,9,11,3,-1,3,5,17,12,25,1,2,3,3,4,3,21,-6,6,-2,2,2,16,2,-1,3,2,-4,2,0,-4,11,-1,2,8,6,2,-1,14,2,7,22,1,,,,,,
45,13,8,19,7,12,2,-3,2,3,17,11,26,1,7,7,5,7,7,19,-7,3,-2,3,2,16,7,-3,4,3,-6,1,4,-3,8,-1,6,4,5,2,-2,13,2,4,14,2,,,,,,
46,13,3,19,9,12,7,1,6,8,18,11,26,1,2,3,2,5,5,11,-4,7,1,-2,-3,11,4,-1,5,1,-1,5,4,2,9,1,1,7,11,3,-1,13,5,6,12,4,,,,,,
47,9,-1,18,9,14,12,-1,1,3,12,8,25,9,6,4,9,15,4,11,-3,2,-1,-2,1,10,8,4,12,0,-2,1,6,-2,6,4,0,10,11,0,-1,9,9,7,13,7,,,,,,
48,10,0,19,11,13,9,0,2,4,12,11,24,7,15,12,14,15,13,11,-2,2,0,4,7,11,16,4,12,1,-2,2,7,-2,10,4,8,13,9,1,0,13,6,13,18,6,,,,,,
49,14,-1,15,14,12,10,1,9,11,16,11,24,7,13,12,11,12,10,17,-1,7,3,12,8,16,14,6,9,3,3,8,9,2,13,-1,12,14,10,9,2,13,7,12,23,10,,,,,,
50,17,-1,13,16,10,11,8,17,16,21,14,23,7,13,13,14,12,9,19,5,16,9,9,6,19,13,3,12,3,4,14,6,6,15,4,9,16,7,16,10,15,12,14,22,9,,,,,,
51,17,-2,16,18,13,9,4,9,13,18,14,24,9,18,12,14,14,12,22,0,10,5,7,9,21,19,3,11,4,0,8,6,2,14,6,9,14,9,9,4,15,8,17,18,9,,,,,,
52,16,-3,18,16,12,14,1,4,10,18,16,23,9,15,15,11,12,16,18,-2,8,2,11,8,17,14,7,11,3,-3,5,10,-1,13,6,13,14,7,6,2,16,11,18,19,14,,,,,,
53,19,-4,19,14,8,7,8,8,13,18,17,24,2,13,14,16,16,17,19,5,9,8,11,8,16,15,3,13,1,7,9,8,9,16,1,13,16,4,12,8,19,7,17,21,3,,,,,,
54,19,-2,13,18,6,-4,9,14,18,21,17,23,0,11,16,7,12,18,19,4,14,12,10,1,18,14,-1,4,-2,8,13,4,13,18,-3,16,19,4,16,11,20,-1,18,23,-1,,,,,,
55,20,-3,12,13,6,-7,15,17,19,20,18,23,0,9,14,0,2,20,21,7,14,16,9,-4,21,8,-2,-2,-3,11,16,-1,14,18,-4,19,6,3,18,14,19,-4,22,19,-1,,,,,,
56,13,1,13,6,8,-4,12,16,16,21,13,21,-1,-2,2,-4,0,6,14,8,14,15,0,-4,10,1,-3,-4,0,13,16,-2,12,19,-6,6,2,4,14,13,20,-2,9,12,-2,,,,,,
57,11,-2,16,7,7,-3,2,4,6,13,9,24,1,2,1,4,6,2,13,2,5,5,0,-1,12,2,-4,2,1,1,3,1,-1,8,-8,2,8,4,2,3,11,0,6,14,0,,,,,,
58,12,-2,14,11,8,3,4,6,8,15,8,24,0,8,8,5,7,10,22,1,7,6,4,1,15,7,-7,3,1,3,5,3,5,11,-8,5,14,4,4,4,13,1,12,23,2,,,,,,
59,19,-3,15,21,8,-3,9,12,14,21,16,23,1,17,13,11,14,13,26,3,11,7,9,3,23,20,-4,6,0,4,12,3,8,18,-6,7,18,7,10,6,20,-2,16,24,-1,,,,,,
60,22,-1,14,14,9,-1,12,18,20,24,19,22,4,9,11,2,5,13,23,5,18,13,5,-1,19,10,1,2,2,11,18,1,16,21,-7,9,9,8,16,11,23,-4,14,18,2,,,,,,
61,12,-3,17,9,11,2,7,10,11,16,9,24,6,2,2,-1,4,5,16,1,11,7,-3,-4,13,6,2,1,4,6,10,2,5,11,-7,1,8,6,8,7,13,-5,8,14,4,,,,,,
62,9,-7,18,9,11,7,-2,2,3,13,7,23,7,0,-1,-1,7,1,14,-7,3,-2,-5,-6,11,3,5,3,6,-4,1,4,-3,6,-4,-2,11,9,0,-1,9,3,6,13,6,,,,,,
63,11,-9,19,12,13,11,-7,-1,2,13,8,26,8,10,4,10,15,4,14,-13,1,-9,-4,1,12,13,6,9,7,-12,-3,7,-9,4,4,-3,11,6,-2,-7,8,10,9,14,12,,,,,,
64,11,-11,19,12,8,12,-6,-3,0,17,11,24,4,12,10,12,15,9,17,-9,-1,-6,2,8,16,14,1,17,-2,-8,-3,7,-8,6,2,5,13,4,-3,-5,11,12,13,19,13,,,,,,
65,19,-10,16,17,9,2,-1,1,7,19,18,22,2,15,13,17,17,14,21,-6,4,-3,11,11,22,17,1,16,-2,-5,1,4,-2,10,2,10,20,4,4,-3,15,7,17,24,0,,,,,,
66,17,-10,16,13,8,1,6,12,15,18,18,22,3,13,12,8,9,11,20,-1,14,4,9,3,17,9,1,8,2,2,11,3,6,17,-2,10,11,7,10,4,17,3,14,21,4,,,,,,
67,16,-9,19,13,12,8,11,12,15,19,13,23,9,9,9,7,9,10,18,7,14,10,6,-1,14,11,3,7,7,7,13,8,10,14,-6,9,13,9,12,11,16,1,12,20,11,,,,,,
68,16,-8,22,15,14,12,8,15,16,18,13,23,11,9,8,4,10,13,21,1,16,7,2,-4,19,13,-4,4,9,4,13,11,4,13,-11,9,19,13,14,9,15,-6,14,23,11,,,,,,
69,18,-8,23,13,16,8,-1,4,7,20,15,24,11,2,1,-5,2,7,23,-7,7,-1,-6,-11,18,4,-2,-5,10,-3,2,11,-3,13,-14,-2,13,13,2,0,18,-12,9,23,12,,,,,,
70,12,-7,24,4,16,4,-9,-2,1,16,9,24,11,0,-2,-4,1,1,17,-15,0,-8,-6,-10,9,1,-1,-2,9,-12,-4,11,-9,5,-13,-4,8,9,-3,-7,10,-9,2,18,10,,,,,,
71,9,-8,23,5,17,8,-7,-1,2,16,4,25,10,0,-2,-1,1,0,13,-12,1,-8,-6,-9,9,3,7,2,10,-10,-4,9,-9,4,-12,-3,6,13,-2,-7,6,-7,6,13,11,,,,,,
72,8,-5,25,7,16,4,-3,-2,3,10,4,24,11,0,-1,-3,-1,4,13,-8,1,-4,-5,-7,9,3,10,-3,10,-6,-3,10,-7,1,-16,0,6,12,-2,-6,3,-13,3,14,11,,,,,,
73,7,-3,26,4,18,13,-2,0,1,12,3,24,16,-4,-4,-6,-3,-1,12,-6,1,1,-7,-8,6,-1,11,-4,11,-4,-2,13,-6,6,-7,-6,6,13,-2,2,9,-7,1,14,14,,,,,,
74,4,-1,26,2,17,14,-6,-3,-2,7,2,25,14,-4,-3,-4,-1,-3,11,-3,-2,-4,-5,-6,6,-1,13,1,11,-6,-4,13,-7,0,-3,-6,7,11,-4,-4,4,2,0,17,16,,,,,,
75,6,1,26,7,17,16,-2,0,1,7,4,24,12,2,-1,6,11,-1,12,-6,1,-2,-2,-1,9,10,7,10,12,-4,-1,12,-4,3,4,-1,16,8,-1,-2,4,8,2,21,16,,,,,,
76,14,-1,26,17,16,13,2,3,5,12,10,25,16,13,4,11,16,3,19,-6,3,2,-2,2,17,17,6,12,11,-3,2,14,-2,5,1,-2,22,8,2,2,9,4,12,23,16,,,,,,
77,16,-6,27,19,16,14,-1,7,10,15,17,24,14,6,5,6,10,7,20,-3,8,-1,2,2,19,11,13,7,13,-6,1,14,-3,12,2,4,21,9,4,2,16,5,12,24,19,,,,,,
78,14,-1,27,17,17,17,2,6,7,17,12,25,14,7,7,12,21,4,23,-2,6,2,5,5,19,9,8,19,12,-1,6,13,3,8,8,3,23,7,4,2,12,12,9,24,16,,,,,,
79,18,0,28,22,15,17,3,7,8,16,14,26,13,16,8,14,20,10,23,2,7,6,7,7,21,22,3,14,11,0,5,14,1,9,4,2,25,8,4,7,13,8,18,24,17,,,,,,
80,21,1,27,21,14,11,6,10,13,19,22,27,12,11,8,6,12,14,24,3,9,8,4,1,23,14,6,6,7,5,9,14,6,19,-3,9,21,13,10,8,21,2,19,23,19,,,,,,
81,19,2,23,13,12,13,-2,4,9,24,13,27,11,4,1,3,9,5,22,-4,9,-1,-3,-1,22,9,8,7,4,-3,2,16,-2,11,3,0,17,8,6,-1,16,6,11,24,13,,,,,,
82,18,0,17,18,11,14,-2,0,4,20,13,26,8,6,6,10,19,8,22,-7,3,-2,2,3,22,18,7,17,4,-4,0,11,-4,7,3,2,22,8,2,-2,12,11,13,24,5,,,,,,
83,21,1,18,20,12,6,2,7,9,21,18,26,9,18,17,13,16,19,24,-3,10,3,13,5,24,20,7,13,8,-2,6,9,2,12,2,17,19,11,8,2,17,7,19,22,8,,,,,,
84,21,2,21,16,14,8,5,17,19,21,19,26,8,17,19,6,8,20,20,1,17,5,4,4,20,14,8,6,7,-1,13,8,2,18,6,18,12,9,17,5,18,5,19,21,9,,,,,,
85,20,3,21,16,13,7,2,7,11,22,20,27,9,12,15,7,9,18,23,-1,10,2,9,4,22,13,7,7,6,-2,6,9,0,18,10,15,15,9,8,3,20,6,19,24,7,,,,,,
86,22,2,22,21,12,8,3,14,16,22,19,27,9,11,13,9,11,17,24,-1,13,4,11,9,23,13,8,8,6,2,9,8,6,21,8,14,16,10,11,6,22,9,20,26,8,,,,,,
87,22,4,20,18,17,4,5,16,19,22,22,24,6,11,12,10,10,15,26,1,16,3,6,9,23,13,6,5,6,3,8,6,7,21,8,11,14,12,13,6,23,8,18,26,8,,,,,,
88,23,4,22,21,16,7,8,12,16,22,21,26,10,10,12,8,13,14,25,3,14,6,6,7,24,16,10,7,9,4,11,8,6,18,9,9,12,11,12,7,21,9,19,22,8,,,,,,
89,21,4,23,15,16,10,6,6,11,21,21,26,5,14,17,6,9,19,20,2,9,5,3,7,19,14,10,6,7,5,5,9,3,16,9,16,12,9,7,7,23,3,20,20,10,,,,,,
90,19,4,17,16,16,4,3,10,10,24,18,27,11,7,9,7,8,12,21,1,10,3,3,7,19,10,7,9,6,1,5,10,2,21,8,12,12,8,6,3,23,8,14,22,9,,,,,,
91,19,5,17,16,17,2,2,9,12,21,18,27,9,9,9,8,9,8,22,-1,10,2,7,9,21,12,8,6,8,1,7,4,4,17,12,4,16,11,8,3,19,10,12,22,11,,,,,,
92,21,3,20,17,18,7,9,11,13,21,18,27,9,13,11,10,12,13,21,4,10,7,8,8,19,16,8,9,10,4,11,6,8,15,10,8,13,9,11,9,20,10,17,19,9,,,,,,
93,19,4,22,18,17,7,9,14,14,23,18,27,5,15,16,11,14,17,22,4,12,8,10,9,20,16,3,14,8,5,12,8,8,17,7,14,18,7,12,8,21,8,19,21,6,,,,,,
94,22,7,20,19,17,1,7,18,22,24,22,27,6,14,13,12,11,17,22,2,20,5,9,11,21,12,4,12,9,3,14,3,8,23,7,13,14,10,18,6,23,7,21,24,5,,,,,,
95,23,7,22,14,17,3,8,14,19,26,16,26,14,9,12,9,10,19,22,2,16,4,4,7,20,10,6,11,12,4,13,6,8,19,6,13,13,12,14,7,18,7,19,18,8,,,,,,
96,14,6,24,13,13,9,5,14,13,18,12,25,15,9,6,8,9,9,17,2,14,7,2,7,14,11,13,8,12,3,9,9,7,16,4,9,12,14,9,9,16,4,11,18,16,,,,,,
97,14,4,25,13,13,16,7,8,8,15,12,26,12,9,7,8,9,8,17,7,9,9,6,7,13,11,9,8,8,7,7,12,6,11,15,6,15,11,7,9,14,16,12,19,19,,,,,,
98,13,4,24,17,10,17,7,9,11,14,12,27,6,14,10,17,18,9,18,4,10,7,7,14,16,17,8,17,3,6,9,16,6,11,15,7,21,8,9,7,13,19,13,21,10,,,,,,
99,16,7,22,22,10,8,9,10,14,16,14,25,5,20,16,22,23,16,19,8,12,12,17,17,19,23,4,19,3,8,11,11,9,14,7,15,23,8,11,11,16,8,17,23,4,,,,,,
100,18,6,22,20,12,6,15,17,19,19,17,26,9,18,19,14,13,22,21,13,13,16,19,7,19,21,4,8,8,14,16,9,19,18,3,21,18,9,17,12,18,3,21,24,9,,,,,,
101,21,5,23,16,16,10,20,21,22,21,19,26,9,12,15,11,12,17,23,16,21,20,10,6,21,14,3,8,8,18,19,11,23,21,7,16,16,8,20,18,20,6,21,19,9,,,,,,
102,22,7,25,18,14,12,15,19,22,21,20,27,14,13,12,14,16,17,22,11,19,12,11,8,22,16,9,14,10,14,19,14,12,21,9,12,18,13,20,14,21,11,19,21,16,,,,,,
103,21,8,27,21,12,15,10,13,17,20,21,27,9,20,16,19,20,17,22,7,16,11,8,10,22,22,10,16,6,7,13,13,10,19,11,13,18,9,13,11,22,7,19,24,17,,,,,,
104,22,7,24,22,11,16,10,13,18,21,21,26,5,22,19,18,21,18,22,8,15,9,12,13,21,22,8,19,4,7,13,13,9,19,17,17,21,9,13,11,22,17,22,24,9,,,,,,
105,21,5,24,22,13,12,10,16,19,23,21,26,7,24,22,21,22,23,22,12,17,13,19,17,22,24,6,21,6,9,12,14,11,23,9,21,22,8,17,11,22,12,23,24,8,,,,,,
106,22,7,25,22,12,12,20,23,25,22,21,25,13,17,19,17,16,21,24,18,23,22,16,13,23,21,6,14,9,19,22,14,22,22,7,22,19,11,20,22,22,9,24,25,13,,,,,,
107,23,5,26,21,14,14,18,19,19,21,20,24,13,16,16,16,17,20,24,12,18,17,12,11,22,18,9,14,11,14,19,15,13,23,3,16,17,12,19,18,23,7,22,22,18,,,,,,
108,22,6,27,22,16,14,12,13,17,22,21,26,12,18,17,19,19,20,24,4,17,7,12,13,23,18,9,19,9,8,13,14,9,20,7,16,19,13,14,10,23,12,22,22,14,,,,,,
109,22,4,27,22,14,13,7,11,14,23,22,26,11,23,22,19,21,22,23,4,18,9,17,9,23,23,11,19,8,8,11,16,10,17,6,21,21,12,12,6,23,7,22,25,12,,,,,,
110,24,6,26,23,16,9,14,18,21,23,23,26,9,19,21,13,17,24,25,7,19,10,14,8,23,19,9,13,9,11,17,14,12,22,8,22,19,12,19,12,23,9,23,26,10,,,,,,
111,23,7,26,18,18,6,10,14,23,22,23,26,8,12,12,11,11,17,24,3,19,7,9,9,24,13,7,10,8,6,12,14,11,24,9,14,13,12,17,9,25,8,19,27,9,,,,,,
112,22,7,27,12,16,6,10,12,14,22,22,26,13,13,11,14,13,11,24,3,14,7,9,12,21,13,11,12,11,6,11,10,9,22,11,9,12,14,14,8,26,11,13,18,11,,,,,,
113,17,8,29,16,16,14,13,11,13,22,16,27,14,13,13,14,12,12,16,9,13,10,12,13,13,14,11,12,13,11,12,12,12,13,3,11,13,11,11,12,20,16,11,18,14,,,,,,
114,17,8,27,17,16,12,12,12,13,16,16,27,9,17,17,17,16,18,18,11,13,13,13,14,17,16,10,16,8,13,11,14,14,14,3,14,15,11,12,9,17,8,17,18,11,,,,,,
115,19,10,26,18,16,7,11,13,14,19,19,26,10,20,18,17,16,17,19,7,14,9,17,14,19,20,9,9,8,8,12,9,11,18,1,17,22,11,12,11,20,2,18,24,7,,,,,,
116,21,7,25,16,17,6,13,16,18,19,20,27,9,19,23,7,9,21,25,9,16,11,22,6,22,16,7,6,14,11,16,8,17,21,4,21,9,11,17,14,23,2,21,25,11,,,,,,
117,24,8,26,13,17,7,17,19,22,26,22,26,7,12,16,9,9,16,21,13,20,13,15,1,18,12,7,8,11,16,21,12,18,22,6,17,12,9,20,15,22,3,21,21,8,,,,,,
118,26,6,25,21,18,4,21,23,24,26,24,26,8,13,12,6,14,17,26,16,22,19,13,6,23,14,7,8,7,21,22,3,22,26,4,14,19,9,22,18,26,4,20,28,5,,,,,,
119,26,7,21,23,19,-2,22,24,27,25,24,23,9,11,19,7,8,23,29,17,27,22,10,8,27,14,8,6,7,19,24,1,17,27,7,18,14,11,23,22,27,7,28,26,8,,,,,,
120,24,7,23,17,19,5,13,18,25,26,25,19,13,15,18,7,11,24,21,7,22,13,7,7,21,18,12,5,12,11,15,7,9,26,8,20,9,13,20,13,27,7,24,18,10,,,,,,
121,20,6,26,16,23,10,14,21,23,22,19,24,9,12,14,7,11,16,19,5,22,8,13,3,18,11,10,9,13,8,19,10,17,24,8,17,14,8,20,13,25,9,17,22,13,,,,,,
122,19,8,28,17,26,9,20,21,22,21,18,27,14,12,12,11,15,16,21,9,22,13,7,9,20,14,9,14,16,13,21,13,14,21,9,12,17,15,20,19,22,11,18,25,15,,,,,,
123,22,7,29,17,27,7,13,15,17,22,19,27,15,8,9,11,11,12,18,11,17,14,9,11,21,11,11,13,16,10,14,14,9,19,13,10,14,19,13,14,22,12,19,27,14,,,,,,
124,17,8,31,11,22,11,11,13,16,21,18,27,21,11,9,13,13,15,14,10,16,11,8,13,14,14,17,13,18,10,11,13,10,21,13,12,14,21,12,11,22,12,16,21,17,,,,,,
125,12,7,33,17,19,16,10,18,19,16,12,27,22,13,11,16,15,12,18,8,18,9,10,14,16,16,19,16,17,9,15,17,9,19,19,10,16,12,16,12,16,17,11,22,21,,,,,,
126,17,8,30,20,16,21,15,16,14,18,16,27,12,14,11,18,18,12,18,12,16,14,10,13,17,17,21,20,10,14,16,18,16,16,19,10,18,9,13,16,17,17,14,23,24,,,,,,
127,19,7,21,19,19,18,12,11,13,21,15,27,11,14,10,18,20,12,21,13,13,14,7,13,21,17,11,21,10,14,10,19,8,14,22,8,20,12,12,13,16,23,14,24,21,,,,,,
128,19,7,22,21,21,16,9,11,13,21,17,25,12,17,10,20,22,11,22,7,13,10,7,14,22,22,9,26,12,7,10,18,7,14,15,7,19,13,10,9,18,16,19,23,18,,,,,,
129,21,8,19,22,22,13,8,12,14,22,21,26,15,24,16,22,22,20,22,7,12,8,9,16,23,23,13,21,13,6,11,13,7,12,12,8,21,16,11,9,23,12,23,22,18,,,,,,
130,23,9,21,23,16,10,11,14,17,24,22,27,18,22,20,18,23,22,23,9,16,11,14,14,23,23,15,16,16,9,14,9,8,21,14,16,21,15,14,11,25,15,23,25,19,,,,,,
131,22,11,25,23,17,11,11,12,14,24,23,27,22,16,16,18,18,21,24,9,14,11,14,13,22,20,18,16,16,12,12,13,13,23,14,15,21,12,12,12,26,13,24,27,21,,,,,,
132,23,11,29,19,16,16,13,12,13,24,22,27,12,18,17,17,18,14,23,13,13,10,13,16,23,20,18,15,8,10,11,14,13,14,18,13,19,10,13,11,23,19,19,24,24,,,,,,
133,22,8,29,19,14,19,11,11,13,24,21,26,7,19,17,20,17,17,22,11,12,9,16,19,18,19,7,18,7,9,9,18,11,15,21,14,17,10,10,11,19,21,19,23,11,,,,,,
134,22,7,28,20,16,16,10,16,18,24,21,27,9,21,22,22,22,21,22,8,17,9,16,20,22,20,8,23,8,7,14,16,11,18,16,20,21,13,15,10,22,21,21,26,13,,,,,,
135,23,11,26,22,17,19,15,17,19,24,22,27,10,24,21,26,25,21,24,9,18,12,16,18,23,23,11,24,11,10,16,16,15,23,17,17,25,9,18,13,24,18,22,27,15,,,,,,
136,25,12,21,24,16,14,17,18,19,27,24,27,8,24,22,25,26,22,24,14,18,20,21,21,26,26,9,24,8,16,19,12,16,22,16,21,22,12,17,20,26,18,24,26,14,,,,,,
137,26,11,24,23,17,12,22,24,25,27,24,27,6,26,24,22,22,24,26,18,23,24,26,18,26,26,6,19,9,23,23,12,23,26,11,24,22,12,23,23,26,12,26,27,6,,,,,,
138,26,11,25,26,20,2,27,27,26,27,26,26,11,26,26,16,19,25,27,24,26,28,19,10,27,27,11,16,9,24,28,10,26,24,9,24,23,13,27,28,26,11,27,29,7,,,,,,
139,27,9,24,24,22,1,25,27,28,27,27,24,14,15,21,11,18,24,28,18,27,23,9,9,28,22,11,12,13,21,27,8,19,26,9,21,19,17,27,25,26,10,27,29,12,,,,,,
140,26,10,27,22,24,8,17,17,19,27,24,24,18,18,19,16,14,24,26,14,20,13,13,8,27,21,13,10,14,14,16,9,15,26,11,18,17,16,18,16,27,6,27,24,14,,,,,,
141,24,11,30,21,25,11,14,14,18,24,24,25,17,16,18,12,15,21,24,14,17,13,18,9,24,17,13,13,16,13,14,14,14,20,13,21,17,19,17,14,27,12,24,21,16,,,,,,
142,24,11,32,18,26,11,12,17,18,26,23,27,20,17,16,16,17,16,22,11,17,12,15,12,21,17,16,16,18,11,15,16,13,23,11,16,16,22,16,13,25,12,20,21,17,,,,,,
143,22,12,33,21,27,10,17,16,18,26,21,26,22,16,19,14,16,18,24,15,18,16,17,12,21,17,18,13,19,16,16,15,16,21,12,16,16,22,15,18,22,10,22,22,21,,,,,,
144,20,11,33,16,19,16,18,17,17,21,21,26,17,16,17,15,15,18,20,16,18,15,17,12,19,16,16,15,19,17,17,16,18,21,12,17,16,13,18,17,22,11,17,22,24,,,,,,
145,19,9,33,19,17,17,13,19,19,22,19,26,13,18,16,16,17,16,21,13,19,12,16,14,19,17,12,17,14,12,15,20,14,20,17,17,21,15,17,13,21,18,18,26,18,,,,,,
146,22,10,29,24,16,14,14,20,20,22,20,24,16,21,18,22,23,19,25,10,20,13,17,21,24,23,12,22,14,13,19,18,14,21,15,18,27,19,18,13,24,16,22,29,16,,,,,,
147,23,9,28,27,9,10,17,19,20,24,23,23,18,22,22,18,21,23,28,14,19,14,18,16,26,23,15,19,17,17,18,16,17,24,16,21,28,22,17,17,26,19,23,31,15,,,,,,
148,26,12,31,22,13,13,18,18,20,29,24,25,22,22,21,21,21,22,26,14,20,16,21,17,24,22,17,21,17,16,18,14,19,25,16,21,22,18,18,16,27,18,23,27,18,,,,,,
149,24,14,32,23,21,13,13,17,24,28,24,25,23,22,21,19,21,22,24,11,21,11,19,14,23,21,18,18,19,11,14,19,14,24,12,21,21,17,19,12,27,15,23,26,21,,,,,,
150,25,13,32,24,19,16,14,16,20,28,22,27,26,21,18,18,20,22,23,12,18,12,17,13,25,20,19,18,19,13,15,17,14,24,12,19,23,14,17,14,22,14,24,26,24,,,,,,
151,23,11,32,24,21,17,18,20,23,28,24,27,23,20,20,18,19,21,26,13,22,16,15,16,24,22,19,18,16,17,21,17,19,25,13,19,23,17,22,16,26,14,23,25,26,,,,,,
152,24,13,32,23,22,18,19,22,23,27,24,27,17,21,18,19,22,21,25,17,23,20,17,17,24,22,19,21,16,17,21,18,17,23,22,18,24,18,20,19,26,21,24,26,24,,,,,,
153,26,14,32,23,24,18,17,20,22,27,25,28,19,23,20,24,23,20,27,14,21,17,18,22,26,24,18,24,18,13,18,18,13,23,27,20,20,18,19,17,27,27,24,28,21,,,,,,
154,24,11,34,25,24,17,16,19,23,27,25,27,26,26,23,26,24,22,27,13,21,16,21,26,24,24,18,24,20,12,17,19,15,23,22,21,23,16,20,15,27,23,26,28,24,,,,,,
155,27,9,35,24,22,18,16,21,24,26,25,27,22,27,24,27,24,22,27,16,22,17,24,23,26,27,22,26,18,14,16,21,13,24,20,24,24,17,17,17,27,21,24,27,28,,,,,,
156,26,10,35,23,22,21,15,21,23,26,25,28,18,27,26,25,26,23,26,12,23,13,17,21,25,27,16,26,18,12,19,21,16,24,23,22,26,17,19,14,28,23,23,26,25,,,,,,
157,24,14,36,26,23,17,11,18,22,24,24,27,22,21,20,22,23,21,25,12,22,10,17,20,24,24,17,24,20,9,14,20,12,23,19,17,26,19,20,11,26,20,23,27,26,,,,,,
158,25,16,34,22,20,19,17,16,18,24,23,28,27,20,18,21,21,18,25,17,18,13,18,21,24,21,22,22,18,17,15,21,17,20,20,15,24,17,16,16,22,20,21,28,30,,,,,,
159,22,17,33,22,18,20,17,15,19,23,23,28,19,20,19,23,21,18,23,18,18,16,19,23,22,21,23,24,16,18,16,20,18,18,19,17,21,16,17,14,22,23,19,28,29,,,,,,
160,23,13,34,22,19,22,18,19,22,23,23,27,17,24,22,24,22,19,23,14,21,19,23,23,22,22,16,25,14,18,19,21,20,20,28,19,23,13,20,19,24,29,20,28,23,,,,,,
161,26,11,32,23,18,26,21,24,24,26,23,26,14,26,23,27,27,22,26,20,24,23,24,28,24,25,13,28,14,20,23,22,21,24,24,23,26,13,24,22,26,26,23,28,19,,,,,,
162,26,9,32,26,14,20,26,27,28,26,24,27,12,28,24,29,29,24,26,23,26,26,28,21,26,27,13,30,8,24,26,22,27,26,20,25,27,15,26,24,26,23,26,28,24,,,,,,
163,26,9,29,27,18,23,26,28,29,26,27,27,13,29,27,29,28,27,27,26,27,28,29,22,27,28,17,26,8,26,28,19,27,26,19,26,27,14,27,27,26,23,28,29,19,,,,,,
164,26,10,28,26,20,17,27,29,29,26,26,27,15,30,26,29,28,27,27,24,29,29,28,24,27,30,11,28,11,26,28,18,26,26,21,27,28,14,28,29,27,22,28,31,16,,,,,,
165,26,11,31,27,23,19,23,23,28,27,26,27,16,27,27,26,27,26,28,17,28,19,27,23,28,30,16,24,17,19,24,19,21,27,21,23,29,15,28,21,28,22,28,31,19,,,,,,
166,26,10,33,26,25,22,18,21,26,26,27,26,19,27,24,27,27,24,28,16,24,19,26,22,28,27,16,26,17,17,21,22,19,27,22,23,29,15,27,16,29,21,26,31,23,,,,,,
167,25,8,34,28,28,22,18,23,25,27,26,26,20,26,25,26,26,26,29,14,24,18,24,23,27,28,18,27,22,16,19,24,18,27,20,26,27,17,23,18,26,21,26,31,26,,,,,,
168,24,8,34,26,29,22,20,26,28,27,26,27,19,27,26,25,27,26,28,17,27,18,26,22,26,27,16,23,23,18,23,26,23,26,18,27,29,18,26,21,27,18,27,32,23,,,,,,
169,24,14,36,25,32,22,24,28,29,27,26,27,21,24,24,22,23,27,27,21,28,24,23,19,28,24,18,22,24,25,27,26,27,28,19,26,24,22,28,23,28,19,27,32,23,,,,,,
170,27,12,38,24,32,21,24,26,27,27,27,27,26,23,22,23,24,24,27,23,27,26,21,19,27,23,19,24,26,26,27,26,24,27,19,22,24,23,27,23,29,19,24,29,27,,,,,,
171,24,11,39,26,31,26,24,26,26,24,24,25,28,23,22,24,27,23,24,22,26,25,19,19,26,24,22,25,26,22,25,28,22,24,17,20,26,21,23,23,25,22,25,31,31,,,,,,
172,23,12,40,25,29,26,23,25,27,27,24,26,23,26,25,26,29,25,25,21,27,24,19,19,24,27,21,28,24,21,24,28,21,24,23,22,26,17,23,23,26,24,24,30,29,,,,,,
173,27,13,39,26,32,26,21,25,28,28,26,27,21,27,26,27,26,24,28,21,27,24,24,20,28,26,16,27,24,19,24,28,19,26,19,26,26,21,24,23,28,19,26,31,26,,,,,,
174,28,12,38,26,28,11,26,27,27,28,27,27,19,24,21,21,22,25,29,19,27,26,23,18,26,26,14,19,24,24,27,24,26,28,16,22,27,23,27,25,29,16,28,33,23,,,,,,
175,27,13,39,24,25,16,24,26,28,29,26,27,23,21,21,19,21,22,28,23,26,27,20,16,26,21,18,18,26,26,26,23,23,27,14,21,25,26,25,25,29,14,26,26,24,,,,,,
176,26,11,41,24,23,17,22,24,27,28,23,27,26,19,19,17,19,20,27,21,24,24,18,16,23,21,20,18,26,21,23,24,21,24,14,18,24,26,23,24,28,17,23,28,26,,,,,,
177,24,11,39,24,21,22,20,22,24,27,23,27,27,17,18,18,18,19,26,18,22,22,17,15,24,18,24,19,23,20,21,20,18,23,15,16,25,20,22,21,27,16,22,28,29,,,,,,
178,25,12,37,23,22,27,19,21,23,28,23,28,24,18,17,19,21,19,27,18,21,20,17,17,26,20,22,20,19,16,21,21,17,22,23,16,26,20,20,19,26,23,24,27,28,,,,,,
179,26,14,36,26,23,21,19,20,22,26,24,28,23,24,19,25,28,19,26,17,19,21,19,21,27,26,21,26,19,16,20,23,18,21,22,18,28,18,19,19,27,23,23,28,26,,,,,,
180,26,14,36,27,24,21,21,23,26,27,26,28,21,27,26,24,24,24,24,18,23,22,24,21,26,24,17,24,20,16,23,24,21,23,19,24,28,19,25,22,26,17,27,31,24,,,,,,
181,26,12,36,26,23,17,26,27,29,29,24,27,24,25,25,23,23,25,28,19,27,24,25,21,28,24,18,22,23,22,27,22,25,26,18,24,27,21,28,24,26,18,27,32,23,,,,,,
182,27,11,36,27,23,19,24,27,28,29,27,27,27,25,24,22,23,25,30,22,25,26,24,20,28,24,23,22,22,26,27,22,26,28,22,23,26,20,27,25,28,21,28,32,26,,,,,,
183,27,12,36,26,24,21,27,27,29,29,27,27,27,24,24,24,26,26,29,23,25,27,23,22,27,24,24,24,24,25,26,23,24,28,19,23,26,20,27,27,29,22,26,32,28,,,,,,
184,28,11,37,26,24,23,25,27,29,29,27,27,27,27,25,27,25,25,29,21,26,26,23,21,28,27,24,26,24,22,26,24,21,28,26,24,27,21,26,26,29,26,26,31,31,,,,,,
185,28,11,38,27,25,23,23,26,29,29,27,28,28,27,26,27,23,23,29,19,26,24,22,23,29,24,22,25,24,21,26,24,21,28,28,24,24,22,26,23,29,27,26,32,31,,,,,,
186,29,13,38,26,23,26,23,24,26,29,27,28,29,27,26,26,25,24,29,21,26,22,23,27,29,23,26,24,22,20,24,26,22,27,27,23,27,24,26,23,30,29,25,32,33,,,,,,
187,29,16,38,28,27,28,21,23,26,29,27,28,29,27,26,28,26,23,28,21,23,22,26,27,29,27,27,28,24,22,22,26,24,27,24,23,28,22,22,21,30,27,27,32,31,,,,,,
188,28,14,41,28,31,23,20,26,28,29,27,28,31,27,26,26,26,26,29,19,28,19,26,23,29,27,28,23,28,19,25,26,24,28,22,23,28,21,26,20,29,24,27,31,31,,,,,,
189,27,13,40,27,29,23,24,26,27,28,27,28,30,24,22,25,24,24,28,20,27,24,22,22,28,24,29,23,26,22,24,24,22,28,24,21,26,22,24,24,30,24,27,31,33,,,,,,
190,27,11,37,27,28,24,23,24,26,28,26,28,31,26,22,27,27,23,28,22,23,24,22,22,29,26,27,28,26,21,23,24,21,26,26,19,27,21,22,23,28,31,26,32,32,,,,,,
191,28,12,37,27,26,25,23,24,27,28,27,28,28,28,26,29,30,26,27,22,24,24,23,24,28,29,23,29,23,21,23,24,23,27,23,22,28,21,23,23,28,24,27,31,31,,,,,,
192,27,11,34,28,24,26,24,28,29,28,27,27,24,28,23,28,31,26,28,23,27,24,26,23,28,29,22,29,22,23,27,24,24,28,28,25,29,19,26,26,28,29,28,32,31,,,,,,
193,27,13,36,28,24,21,27,28,30,28,27,28,26,29,27,28,32,26,28,23,27,24,26,25,28,30,23,27,21,24,27,26,25,29,20,27,30,21,27,26,29,24,28,32,30,,,,,,
194,28,13,37,28,26,21,24,30,31,29,28,28,30,28,27,26,29,28,28,16,29,18,26,18,27,28,26,24,23,18,28,22,22,31,19,24,29,19,28,22,30,21,29,32,30,,,,,,
195,28,13,36,28,25,22,18,26,29,27,29,28,29,24,23,24,27,27,28,17,26,18,23,19,28,27,28,25,24,17,22,20,19,31,26,26,28,21,27,18,31,27,29,32,30,,,,,,
196,28,11,37,27,28,20,23,26,28,28,27,28,29,23,22,27,28,24,28,20,28,20,22,25,29,26,27,27,24,22,26,23,23,29,24,22,30,21,25,22,30,28,26,31,31,,,,,,
197,27,12,32,28,30,21,24,24,27,27,27,28,26,26,24,29,28,24,29,22,24,24,23,23,28,27,23,28,27,23,24,23,23,28,26,22,28,19,23,24,27,28,27,29,31,,,,,,
198,27,13,31,28,28,24,24,25,29,27,26,28,25,24,26,28,27,26,28,22,26,24,22,26,29,28,22,28,22,24,26,23,24,27,28,23,28,20,26,23,26,31,27,31,31,,,,,,
199,27,14,33,28,24,26,27,25,29,28,27,28,26,25,26,28,28,26,29,22,26,24,24,23,28,28,22,28,20,26,27,24,24,27,22,26,29,21,27,25,28,24,28,31,31,,,,,,
200,29,13,33,29,24,28,28,27,31,28,28,28,27,29,26,31,31,27,29,25,27,28,26,22,30,29,24,30,20,24,28,25,26,27,25,27,30,19,28,28,28,27,29,32,31,,,,,,
201,30,14,34,31,24,26,27,29,32,29,28,27,25,30,27,31,31,27,30,25,28,28,26,24,31,30,27,29,20,25,29,22,26,29,26,26,31,18,28,28,29,28,29,32,31,,,,,,
202,29,16,34,31,26,24,27,29,32,28,29,28,24,30,27,31,32,29,30,24,28,28,24,23,30,30,24,32,22,23,28,24,24,30,26,26,31,20,28,27,29,29,30,33,31,,,,,,
203,28,13,35,30,27,22,26,28,29,28,28,28,25,28,27,29,31,29,28,24,26,26,24,26,29,32,23,28,24,23,28,24,23,32,24,26,32,24,27,25,29,27,31,32,31,,,,,,
204,29,13,32,29,29,23,24,27,27,26,28,28,27,28,26,27,28,26,26,19,27,22,24,21,28,28,26,26,24,21,25,21,22,31,22,23,29,24,27,22,29,24,29,32,29,,,,,,
205,27,14,28,28,24,28,17,27,28,28,28,26,29,24,24,23,27,27,28,17,28,16,20,19,27,27,27,24,27,14,23,22,18,28,26,22,27,23,26,17,28,28,28,32,30,,,,,,
206,28,13,33,29,24,26,17,23,25,29,28,28,29,24,22,27,28,24,28,18,24,16,19,23,26,27,23,29,23,17,22,24,17,28,25,19,29,24,21,17,29,26,30,33,25,,,,,,
207,29,12,35,30,25,22,19,22,25,29,28,28,28,28,24,25,26,24,29,20,24,20,23,24,28,28,24,26,22,19,22,24,20,27,23,21,31,23,22,19,28,26,30,33,26,,,,,,
208,28,13,38,30,27,22,20,23,27,29,28,28,27,27,26,26,27,27,29,20,26,21,23,24,29,26,27,24,22,20,22,24,20,28,23,22,31,21,24,20,29,23,29,32,26,,,,,,
209,27,13,34,27,28,23,23,23,24,29,26,27,29,24,24,25,25,26,29,21,26,23,19,23,30,27,26,23,23,21,25,22,21,29,26,23,30,21,24,24,29,26,28,33,27,,,,,,
210,28,12,34,26,25,21,20,21,23,29,27,28,29,22,21,24,24,22,27,18,23,19,19,22,28,23,25,23,24,18,22,23,19,24,26,19,29,22,23,19,29,26,25,33,28,,,,,,
211,26,14,32,24,25,21,20,21,23,28,26,28,28,22,22,23,23,21,28,19,23,19,21,23,27,21,26,24,23,18,22,21,19,23,26,22,28,24,21,21,27,25,24,34,29,,,,,,
212,26,17,36,25,26,21,22,22,26,27,24,28,28,23,24,24,22,24,27,22,24,22,22,24,28,22,26,23,27,21,23,22,22,23,27,22,26,25,24,21,25,26,26,31,28,,,,,,
213,26,14,34,26,27,22,24,26,27,26,24,27,28,24,24,25,23,25,28,23,26,23,22,25,26,24,24,24,27,23,26,22,24,23,24,23,22,27,26,24,25,23,26,31,29,,,,,,
214,26,16,32,24,29,24,24,25,28,28,24,27,29,24,24,26,25,24,27,23,27,24,25,23,26,26,20,24,27,23,25,21,24,26,16,23,26,31,26,25,26,21,26,28,30,,,,,,
215,27,18,32,26,29,16,24,23,27,24,24,27,28,25,25,21,23,24,26,24,26,24,23,16,27,26,21,19,27,23,24,22,24,27,18,24,26,29,24,24,27,17,27,29,31,,,,,,
216,27,18,32,26,27,21,26,24,28,27,26,27,28,19,20,19,19,21,29,22,28,25,17,18,28,20,21,18,26,24,26,20,25,27,18,20,26,27,26,24,28,18,24,31,31,,,,,,
217,28,18,35,26,26,22,24,22,24,27,26,28,25,19,19,19,19,19,28,22,24,22,18,18,28,17,17,18,23,21,22,22,22,27,19,18,29,22,21,22,29,19,22,32,30,,,,,,
218,28,19,35,24,23,18,21,21,24,27,26,28,26,22,21,22,21,20,28,19,23,22,19,19,28,21,19,21,19,19,19,21,18,26,18,19,26,23,19,21,29,18,26,32,27,,,,,,
219,28,15,35,24,24,16,19,21,23,28,27,28,28,21,22,22,22,21,27,19,23,22,20,20,28,22,21,21,21,18,18,23,18,28,19,19,25,26,19,19,29,20,25,25,27,,,,,,
220,24,17,35,25,24,17,22,22,24,28,23,28,27,20,21,22,21,22,27,18,23,21,19,21,24,22,22,21,22,19,22,21,21,23,21,20,26,26,22,22,26,22,25,29,26,,,,,,
221,27,18,37,26,23,19,21,22,24,28,24,28,26,21,21,23,23,21,28,20,23,24,22,18,27,22,22,21,23,22,22,23,21,24,19,20,25,26,21,22,25,21,25,29,27,,,,,,
222,28,16,36,27,24,19,23,22,24,29,26,28,27,24,22,25,24,24,28,22,24,23,22,19,26,24,20,22,23,22,23,24,23,24,19,21,27,24,21,22,27,19,27,31,26,,,,,,
223,27,15,35,26,26,19,23,23,26,29,26,29,28,22,24,22,23,23,28,22,26,21,22,19,28,24,23,21,23,23,23,21,22,27,19,23,25,24,24,22,28,19,27,31,29,,,,,,
224,28,14,33,27,26,21,21,23,26,28,28,29,29,20,22,21,22,24,28,21,26,21,20,19,28,21,22,21,21,21,23,21,22,28,20,21,22,21,23,21,30,23,27,32,29,,,,,,
225,28,15,30,23,23,21,25,24,26,29,28,29,23,20,22,22,22,22,29,22,27,26,19,18,28,19,23,23,20,21,24,23,23,25,19,20,25,20,22,25,29,21,25,32,27,,,,,,
226,29,12,33,24,21,22,22,22,24,29,28,27,21,23,23,24,26,24,29,21,24,22,23,19,29,23,21,25,22,19,22,23,20,27,17,22,26,17,21,22,29,19,25,32,24,,,,,,
227,28,11,34,27,21,20,23,23,26,28,28,28,22,26,26,23,26,26,29,21,27,23,23,19,29,24,21,26,21,20,23,21,22,29,19,23,27,19,23,22,30,22,28,31,22,,,,,,
228,28,12,33,29,23,18,24,26,28,29,28,27,23,26,26,26,25,26,28,21,27,24,23,21,27,24,21,24,23,19,26,20,22,28,21,26,27,21,24,25,31,18,28,33,24,,,,,,
229,28,11,33,28,24,21,22,24,28,30,28,28,23,24,27,24,24,28,29,19,27,23,25,20,28,23,22,23,17,18,25,21,19,29,21,27,26,23,24,22,31,21,28,33,27,,,,,,
230,28,11,34,27,24,21,24,28,29,31,28,29,24,24,24,24,25,26,29,16,28,23,21,19,29,22,22,24,34,17,27,23,23,31,22,24,27,22,28,22,31,21,27,32,26,,,,,,
231,28,11,34,28,23,25,27,27,28,29,27,29,23,25,25,24,26,25,29,19,28,21,22,19,29,27,24,23,30,24,26,21,23,28,22,24,28,21,24,28,31,24,27,32,27,,,,,,
232,29,12,34,30,23,23,24,24,26,29,28,26,21,26,26,24,27,26,29,22,26,26,22,23,28,26,20,24,28,21,23,19,22,28,18,23,27,19,23,24,30,21,29,32,28,,,,,,
233,29,13,35,29,22,22,23,24,28,28,27,26,22,26,27,24,28,26,29,22,27,26,26,22,29,27,20,24,27,21,24,19,23,28,18,26,28,23,24,24,29,21,28,32,27,,,,,,
234,28,13,36,29,25,21,27,28,29,28,28,27,26,22,24,21,22,28,28,23,29,27,21,19,28,23,22,19,23,24,28,21,26,29,17,24,27,23,27,27,29,19,28,31,27,,,,,,
235,28,12,34,25,25,24,22,24,27,29,27,26,27,19,21,20,19,22,28,21,26,25,17,18,29,19,23,19,21,20,22,20,21,29,19,19,25,22,23,24,30,22,24,31,26,,,,,,
236,27,12,33,24,23,22,20,22,26,30,26,26,26,19,20,22,21,21,28,19,25,23,14,18,27,20,23,21,22,18,21,19,19,26,21,18,23,21,20,22,28,21,23,30,27,,,,,,
237,27,12,36,23,24,22,20,22,23,29,24,26,24,20,19,22,23,19,27,17,23,21,14,17,26,21,23,24,23,16,21,20,18,25,18,18,22,19,21,21,28,19,23,28,28,,,,,,
238,27,12,37,24,28,24,18,21,23,28,26,27,26,21,19,23,23,20,29,17,24,19,17,18,26,22,21,25,24,16,21,21,16,24,19,17,24,24,20,19,28,20,23,23,29,,,,,,
239,27,12,38,26,31,23,18,20,23,28,25,26,27,22,21,22,23,22,26,18,23,18,20,20,27,22,23,23,25,16,19,22,17,22,20,19,25,24,19,19,27,22,24,22,28,,,,,,
240,26,11,38,26,31,23,18,20,22,27,24,27,28,22,21,19,22,21,23,17,22,18,17,19,23,22,24,20,24,16,19,22,17,21,22,20,26,26,18,19,24,21,22,26,28,,,,,,
241,24,13,37,24,27,24,17,18,19,27,24,28,29,21,22,21,20,22,24,15,20,17,19,20,24,21,26,19,24,13,18,20,15,20,22,20,22,23,17,18,26,24,24,27,29,,,,,,
242,24,14,37,24,25,23,19,20,22,28,22,28,29,22,23,22,22,23,26,16,21,19,20,22,27,22,25,20,26,17,20,21,19,22,21,21,23,19,20,19,24,23,24,28,29,,,,,,
243,27,11,36,22,26,23,19,23,25,28,25,29,25,21,22,23,21,24,25,16,24,21,16,17,23,21,23,22,21,16,22,21,17,26,23,20,23,22,22,22,28,23,24,27,26,,,,,,
244,26,12,37,23,31,21,16,17,20,28,24,28,24,17,17,19,21,18,27,13,20,16,13,17,24,19,23,22,22,12,17,21,13,22,22,14,22,24,16,16,28,24,19,27,26,,,,,,
245,24,12,34,24,31,22,14,18,16,27,22,27,28,16,18,23,24,16,26,16,18,16,16,21,24,19,23,24,24,12,16,21,12,22,21,13,25,26,13,15,27,22,21,28,26,,,,,,
246,24,8,34,25,31,26,13,21,22,27,22,27,28,22,22,23,25,19,26,14,22,16,20,21,25,24,24,24,27,13,19,22,13,23,23,20,26,26,19,16,25,24,21,27,28,,,,,,
247,26,13,34,27,27,24,20,21,22,27,22,27,28,24,22,21,24,25,26,18,22,21,21,18,26,26,18,22,24,18,20,22,19,23,18,21,26,25,21,21,25,17,24,28,28,,,,,,
248,25,16,36,22,27,17,24,26,26,27,25,27,26,17,18,17,18,17,28,22,26,25,16,13,26,19,18,16,24,23,24,21,21,25,14,18,21,25,22,23,29,15,20,29,27,,,,,,
249,22,13,37,19,27,18,19,18,19,26,19,28,26,14,15,15,17,15,23,17,20,22,13,13,23,14,19,14,22,18,18,20,16,22,14,15,19,23,17,22,24,14,18,25,27,,,,,,
250,20,13,35,19,22,21,19,19,19,24,18,29,25,16,15,17,18,14,21,18,19,20,13,16,19,16,21,18,20,18,18,20,16,18,17,13,19,24,18,19,22,18,17,22,27,,,,,,
251,21,12,32,21,23,21,17,18,19,26,19,29,27,18,18,21,22,17,22,17,19,19,14,16,21,19,20,21,20,15,17,21,15,18,16,14,20,21,17,18,22,19,18,22,27,,,,,,
252,22,11,32,21,25,23,16,16,18,25,20,28,26,21,18,22,22,18,23,16,19,17,12,17,22,21,23,22,18,14,16,20,14,18,22,15,21,23,14,18,22,23,20,24,24,,,,,,
253,22,11,34,22,28,23,17,16,18,21,20,28,23,18,17,23,22,18,24,16,19,17,13,21,23,20,21,24,20,15,17,19,15,16,22,14,21,22,16,18,19,23,20,24,24,,,,,,
254,17,10,37,21,28,22,17,17,19,18,16,27,23,17,17,22,21,17,23,19,19,20,15,21,22,18,21,23,22,16,17,21,15,17,19,16,22,23,16,19,19,24,17,23,26,,,,,,
255,20,11,37,18,27,22,19,19,22,23,17,27,24,19,19,22,20,20,22,19,21,23,17,22,17,18,21,22,22,18,19,21,18,22,25,18,21,24,19,22,22,26,17,26,26,,,,,,
256,21,10,36,23,22,23,20,21,23,24,20,27,25,18,18,24,21,17,23,21,23,22,18,23,21,21,21,23,20,18,20,21,18,23,18,18,21,18,18,21,23,26,17,26,25,,,,,,
257,24,10,34,24,21,22,23,23,24,26,22,27,21,22,20,26,25,18,25,21,24,24,19,24,24,21,8,27,18,22,24,18,22,23,18,18,24,18,22,24,26,23,23,29,22,,,,,,
258,25,11,31,24,21,20,23,23,24,27,23,28,16,25,21,27,24,21,27,21,23,22,20,23,25,22,4,27,16,23,23,19,23,23,11,19,26,18,22,23,26,15,23,28,16,,,,,,
259,27,10,30,26,22,13,23,22,25,27,24,28,12,27,23,23,26,23,28,22,24,20,22,20,27,24,8,19,13,23,24,17,23,23,10,20,26,18,23,22,26,11,24,29,14,,,,,,
260,26,9,31,27,22,14,23,22,25,27,24,29,18,25,25,19,19,23,28,21,23,19,24,16,27,21,11,16,14,23,23,18,23,23,11,20,24,16,22,22,26,11,25,28,17,,,,,,
261,27,9,30,27,21,18,20,23,23,27,24,28,14,24,25,18,23,24,28,17,26,19,21,13,27,22,12,21,13,19,22,18,23,23,14,21,24,14,21,21,26,18,26,29,22,,,,,,
262,27,10,30,27,19,19,21,22,24,27,25,28,12,24,24,23,26,22,28,18,27,18,18,21,27,23,11,26,16,21,23,18,21,24,18,22,28,15,22,19,26,21,24,30,14,,,,,,
263,26,11,30,28,20,15,22,24,26,27,26,28,13,29,26,27,28,23,27,22,26,20,25,19,27,27,8,22,14,22,24,19,22,25,13,23,27,13,24,21,27,16,27,31,18,,,,,,
264,27,8,29,27,17,22,22,24,26,27,26,29,12,29,27,26,28,25,27,18,25,20,27,19,27,27,8,25,7,21,24,18,22,25,19,24,29,12,24,22,28,22,27,30,13,,,,,,
265,27,10,28,28,18,17,22,22,25,27,26,28,8,29,28,28,28,25,27,17,26,16,27,28,27,27,4,30,6,19,23,19,19,24,12,24,26,14,23,17,27,17,27,28,8,,,,,,
266,27,11,24,28,19,8,24,23,25,27,25,27,9,28,27,28,26,24,28,20,27,20,26,27,27,26,7,28,6,21,24,17,21,23,12,24,26,16,23,22,27,10,27,28,9,,,,,,
267,26,12,23,27,19,8,24,23,27,27,24,27,11,26,26,27,26,24,26,23,27,21,25,26,26,26,8,24,7,23,26,14,24,24,9,24,26,16,24,23,26,12,27,28,8,,,,,,
268,26,9,24,26,20,8,26,23,27,27,24,28,12,26,24,26,25,24,26,24,24,22,26,18,25,25,8,16,10,24,26,14,26,23,10,24,25,17,26,23,26,10,26,28,11,,,,,,
269,26,11,24,26,22,11,24,23,26,27,24,27,17,28,26,17,17,24,27,23,27,22,26,15,26,23,13,15,11,23,24,14,26,25,11,24,18,19,25,23,28,12,26,25,13,,,,,,
270,26,13,27,26,22,11,24,26,28,27,25,28,16,19,21,16,16,24,28,23,24,24,18,13,27,18,13,16,12,25,25,11,25,27,13,24,17,22,26,24,28,13,26,26,14,,,,,,
271,26,10,27,24,22,12,21,21,23,27,26,28,17,17,18,18,17,19,28,16,18,20,15,16,27,18,13,18,13,17,19,12,17,26,13,17,18,21,21,21,29,17,23,26,16,,,,,,
272,27,9,29,23,22,13,14,16,19,27,25,28,18,18,18,18,19,18,27,12,18,16,14,12,25,18,13,19,14,13,16,13,13,19,11,16,21,17,16,16,28,14,21,23,18,,,,,,
273,26,7,29,21,22,13,13,16,18,28,22,27,15,15,16,17,20,17,26,11,17,13,11,14,24,18,13,22,12,8,14,14,9,19,17,13,21,13,16,13,24,19,18,25,17,,,,,,
274,22,7,29,21,21,15,14,14,16,23,19,27,11,17,16,19,22,17,26,12,17,14,13,14,26,19,9,22,13,12,14,17,12,16,15,13,21,14,13,13,19,18,19,24,13,,,,,,
275,23,5,27,24,18,6,13,16,17,25,21,27,8,25,20,23,25,18,24,13,18,15,17,17,22,24,2,23,8,11,16,14,12,17,11,16,23,13,14,15,22,11,21,26,8,,,,,,
276,24,7,28,24,17,9,14,16,19,26,21,28,9,24,22,21,24,21,26,11,18,14,22,17,26,23,2,20,7,12,16,15,14,18,9,18,25,14,16,14,22,11,24,27,9,,,,,,
277,23,9,29,24,18,16,17,17,19,26,21,29,9,22,22,16,17,20,25,16,21,18,17,11,24,22,2,17,8,16,17,19,16,19,11,21,22,14,18,17,23,7,22,28,14,,,,,,
278,23,8,31,23,18,13,22,22,21,27,20,29,11,21,21,15,21,21,24,18,22,22,16,12,23,22,8,17,9,19,22,17,18,21,11,18,24,13,22,23,24,15,22,27,12,,,,,,
279,24,8,28,24,19,12,19,23,23,27,21,28,13,22,22,20,24,21,25,14,23,21,15,12,24,23,10,18,12,13,23,14,14,22,10,19,24,14,22,21,24,13,22,26,12,,,,,,
280,26,7,27,26,20,16,21,23,24,29,25,26,13,21,23,17,19,23,26,14,24,20,22,14,26,20,11,17,14,17,23,11,19,23,14,23,19,15,23,19,26,16,23,26,17,,,,,,
281,26,8,27,26,19,10,23,25,26,28,24,26,9,19,17,19,19,20,27,21,28,22,19,16,28,19,4,18,10,22,24,12,22,26,11,18,19,12,24,22,28,11,24,27,12,,,,,,
282,24,6,26,27,21,0,23,26,27,29,24,27,7,22,20,16,17,21,27,17,25,22,19,9,28,21,6,10,7,19,24,9,21,28,5,19,21,11,26,22,29,6,25,28,8,,,,,,
283,27,6,25,21,19,6,21,24,26,28,26,28,13,19,18,8,9,22,28,20,22,22,15,7,27,14,8,7,9,18,23,6,19,28,8,18,12,11,23,22,29,6,26,21,11,,,,,,
284,27,4,29,16,18,12,17,20,22,28,24,28,10,13,17,12,13,19,26,13,19,17,12,8,22,11,9,9,12,16,21,10,13,27,11,20,12,10,19,18,28,13,19,21,17,,,,,,
285,26,4,27,18,16,17,13,18,18,28,23,28,6,15,16,14,16,16,26,9,18,12,12,14,22,16,3,15,7,9,16,14,12,22,7,16,18,12,16,12,28,12,14,24,11,,,,,,
286,26,2,28,22,16,10,12,17,17,26,22,28,6,20,19,14,22,17,26,9,19,13,18,11,23,21,3,14,7,9,15,14,11,19,5,17,24,11,14,13,23,8,17,27,11,,,,,,
287,24,6,27,24,17,7,18,19,19,27,20,29,4,26,22,16,19,20,27,16,22,16,16,10,26,26,4,13,7,17,19,16,17,21,3,18,23,8,17,17,22,6,22,28,7,,,,,,
288,24,7,27,18,17,8,20,21,22,26,23,28,9,13,17,11,12,19,26,17,19,19,13,8,24,14,11,10,7,18,20,8,19,23,6,17,14,11,21,19,23,8,20,22,7,,,,,,
289,18,5,29,14,18,13,14,15,17,25,16,28,9,12,12,12,13,12,18,12,13,14,9,11,18,12,13,13,10,11,14,11,10,16,11,10,13,12,16,14,19,11,14,19,10,,,,,,
290,17,6,29,14,18,14,8,9,13,20,14,28,12,16,12,17,16,11,17,7,14,9,14,13,17,13,13,14,12,6,9,13,7,12,13,11,14,12,9,9,16,15,13,18,13,,,,,,
291,17,5,29,16,17,17,16,13,14,21,14,27,14,16,13,18,18,13,20,12,16,16,15,14,17,15,12,17,11,11,14,14,13,12,9,12,18,16,13,16,12,12,14,19,13,,,,,,
292,18,3,29,17,16,16,14,14,16,23,15,28,17,19,16,18,18,14,21,13,18,17,14,13,18,18,15,16,10,12,14,14,15,15,14,16,18,13,15,15,17,17,16,22,16,,,,,,
293,19,5,26,17,13,17,16,17,19,23,17,26,11,20,17,19,19,16,22,15,17,18,14,17,20,16,12,19,8,14,17,13,15,16,16,15,20,10,16,17,18,19,17,24,16,,,,,,
294,20,4,24,22,14,7,17,17,18,25,17,27,6,21,17,18,18,16,26,15,17,18,18,17,24,22,7,17,7,14,16,10,14,18,11,16,20,12,15,15,19,12,18,27,8,,,,,,
295,22,5,25,18,16,11,17,16,19,26,19,26,13,17,20,14,14,18,21,13,20,16,19,13,19,16,10,13,12,14,15,9,14,18,9,17,14,15,17,18,22,12,22,20,14,,,,,,
296,17,6,27,17,19,9,15,20,21,23,18,23,9,15,14,13,12,14,18,14,21,15,14,11,16,14,9,14,12,16,19,12,14,21,11,14,15,13,18,16,22,12,16,19,14,,,,,,
297,16,2,28,13,21,7,21,19,19,18,14,21,10,8,8,8,10,12,17,16,16,21,7,8,16,10,9,10,12,20,20,9,21,17,8,10,11,14,19,21,19,9,12,19,11,,,,,,
298,12,2,28,13,22,17,18,14,14,14,11,25,10,9,6,12,12,8,13,17,12,17,6,7,13,12,11,14,13,18,15,10,16,12,11,7,13,12,12,18,13,14,11,19,13,,,,,,
299,14,7,27,17,21,4,13,11,13,14,13,25,12,13,8,13,14,9,16,16,12,15,5,8,16,17,2,11,13,13,11,12,11,12,8,5,17,17,11,16,13,9,13,19,11,,,,,,
300,16,8,25,10,21,-1,12,12,14,16,14,25,12,7,8,3,3,12,19,9,17,13,7,1,17,7,4,2,11,9,10,6,11,13,0,13,4,15,10,12,16,1,14,13,11,,,,,,
301,12,4,26,6,20,7,12,16,18,19,12,26,13,3,3,3,4,5,10,9,14,14,4,-1,8,1,8,3,11,11,14,6,11,16,0,3,5,14,14,13,18,2,7,11,12,,,,,,
302,8,2,26,9,18,13,17,17,14,11,4,27,12,3,2,5,9,2,9,14,11,15,6,2,8,6,4,11,13,16,17,8,17,13,7,4,13,11,14,19,12,9,4,14,14,,,,,,
303,11,6,24,14,15,0,16,10,12,12,9,26,8,7,3,5,6,6,14,12,11,14,4,1,14,8,1,6,12,12,11,6,15,9,-1,3,12,11,10,14,10,2,11,18,11,,,,,,
304,14,4,23,7,13,3,9,11,12,15,13,28,6,2,4,-1,-1,5,18,8,13,11,2,-1,16,1,3,-1,9,7,9,7,8,12,0,3,6,9,8,10,16,-1,9,14,8,,,,,,
305,16,3,23,13,14,12,4,12,13,16,14,28,12,7,8,5,6,10,18,6,18,8,3,-1,17,7,2,5,10,4,8,12,6,16,1,4,13,11,6,8,17,6,14,18,13,,,,,,
306,21,1,23,23,14,4,15,19,18,18,18,28,11,15,17,7,9,19,24,11,18,17,8,2,24,17,-3,6,9,13,19,11,14,19,-1,14,18,12,14,18,21,2,19,24,16,,,,,,
307,21,-1,22,23,16,7,18,20,20,21,19,29,8,10,13,6,6,16,24,12,13,17,6,-1,24,11,-8,3,10,14,16,9,12,19,-2,12,8,8,16,17,21,0,21,27,16,,,,,,
308,21,1,24,22,13,12,10,11,13,21,21,29,4,14,12,8,9,16,24,6,14,9,5,3,23,16,-11,9,10,7,10,11,6,16,-2,9,16,7,9,9,22,3,22,25,13,,,,,,
309,21,-2,22,24,11,6,9,16,14,22,20,28,4,15,17,4,8,21,24,8,18,12,11,2,23,13,-9,5,8,9,14,12,9,16,-7,19,16,9,13,12,18,-4,24,27,9,,,,,,
310,20,1,22,17,12,1,14,17,17,21,20,28,2,7,10,1,4,17,25,11,9,14,4,-3,24,6,-12,2,7,12,13,9,12,18,-7,11,9,8,14,15,20,-3,18,27,8,,,,,,
311,19,-1,23,12,11,-2,6,7,9,22,22,26,1,7,8,2,4,9,24,3,8,7,3,-1,22,8,-12,1,2,4,6,8,3,12,-6,6,7,4,5,8,22,-3,13,21,4,,,,,,
312,17,-2,23,9,12,6,4,8,8,23,15,27,4,4,6,2,3,7,18,1,11,5,2,1,13,6,-7,2,6,2,7,6,3,7,-7,6,5,6,4,5,15,-2,11,12,4,,,,,,
313,11,-2,24,11,15,2,4,11,11,18,11,27,10,4,6,0,3,7,13,1,8,5,0,-6,14,5,-2,1,12,2,8,7,1,9,-8,5,7,11,4,5,10,-7,11,11,8,,,,,,
314,13,1,23,9,14,6,3,4,5,17,11,27,7,-1,-1,-3,1,3,14,1,7,3,-7,-8,13,1,-3,-2,10,1,3,8,1,8,-2,-2,9,11,2,3,13,0,7,14,7,,,,,,
315,12,-3,22,9,12,7,-2,-1,1,17,8,26,8,4,1,4,6,3,15,-3,7,-1,-3,2,13,7,2,5,6,-2,-1,10,-3,3,-3,-2,12,12,-2,0,8,2,8,19,8,,,,,,
316,11,-5,22,17,13,6,2,2,4,19,8,27,6,6,3,4,5,8,19,-1,12,3,2,-2,17,9,-2,4,7,0,2,7,1,4,2,4,12,14,2,3,9,3,12,22,7,,,,,,
317,13,-3,24,11,15,12,3,4,8,19,13,26,9,6,4,2,6,7,19,-2,9,4,3,2,15,10,2,1,11,-1,6,10,3,11,4,3,13,11,6,3,13,7,8,22,8,,,,,,
318,12,-1,23,11,13,11,3,6,7,17,10,27,7,8,5,8,12,6,17,2,8,5,3,4,14,11,1,10,8,2,4,9,2,9,4,3,17,11,6,4,11,6,9,22,10,,,,,,
319,12,-5,22,13,13,4,3,7,7,14,8,27,6,8,8,4,9,6,17,1,8,4,6,3,15,10,-3,4,8,3,6,7,5,7,-5,4,14,11,4,5,9,-1,9,22,9,,,,,,
320,14,-7,23,12,14,12,8,11,12,13,13,27,8,2,4,-1,6,6,18,3,11,7,1,-1,17,4,3,3,6,2,11,8,8,11,0,4,10,7,11,7,12,3,10,23,17,,,,,,
321,13,-2,22,17,12,9,2,6,8,14,10,25,3,6,6,7,18,7,19,1,11,4,2,2,19,13,0,13,3,1,4,13,1,8,-1,5,21,8,6,3,11,7,10,26,6,,,,,,
322,17,-4,20,16,9,2,1,8,10,15,12,24,4,9,12,3,8,12,21,0,4,5,4,-2,18,12,2,3,1,-1,6,2,1,10,-3,10,13,4,3,4,13,-1,13,21,3,,,,,,
323,9,-9,19,8,10,7,9,10,12,13,8,24,4,1,1,2,6,1,11,7,8,9,1,-2,9,3,1,4,3,7,10,2,6,9,0,2,7,6,9,10,13,3,4,12,4,,,,,,
324,7,-6,19,7,13,11,4,6,8,10,8,24,7,8,3,10,12,2,9,-3,11,4,4,3,7,9,6,8,12,2,6,3,2,6,5,2,9,12,4,4,8,7,4,13,5,,,,,,
325,12,-7,19,9,14,6,8,9,11,14,11,23,10,4,6,2,4,7,13,1,10,8,5,-2,9,7,1,-1,12,6,7,11,7,8,-9,7,10,11,6,9,11,-4,9,18,12,,,,,,
326,11,-7,22,5,14,12,7,9,9,18,12,25,13,-1,0,-2,0,2,13,4,13,7,-1,-4,9,0,9,-2,11,2,7,8,4,11,2,-1,4,16,7,8,16,2,4,13,13,,,,,,
327,10,-4,23,7,14,13,2,2,4,16,9,26,13,6,3,6,9,1,9,0,9,3,2,1,7,7,11,10,11,1,2,9,0,4,9,0,11,13,2,3,8,10,4,13,13,,,,,,
328,12,-2,22,11,15,11,3,4,6,14,9,25,8,10,7,14,18,6,10,3,9,5,7,9,9,12,6,14,14,2,3,9,4,6,8,5,16,10,4,4,9,8,8,16,12,,,,,,
329,11,-4,22,14,14,9,7,8,9,13,11,24,7,10,8,8,9,11,13,7,8,9,5,1,12,9,2,7,11,7,7,8,8,9,3,8,13,5,6,7,10,5,13,18,11,,,,,,
330,11,-9,23,11,15,12,4,7,9,14,11,26,11,6,5,8,11,5,14,2,8,7,1,3,12,8,9,9,13,3,7,11,7,9,6,2,11,11,6,6,12,6,9,19,12,,,,,,
331,9,-2,21,12,11,16,4,8,10,13,8,25,8,12,9,9,12,8,12,-3,7,3,3,7,11,11,9,12,3,-1,7,9,1,7,10,7,15,7,8,4,9,10,9,18,13,,,,,,
332,11,0,18,13,10,3,2,8,10,16,9,26,4,15,13,9,13,10,13,-3,8,2,11,7,12,18,2,7,3,-3,7,6,0,8,2,11,14,7,7,2,9,2,11,19,5,,,,,,
333,14,3,19,13,9,8,11,13,13,19,12,27,2,6,9,4,9,9,19,4,4,10,3,2,16,13,4,1,3,8,11,3,6,13,5,8,10,8,10,11,16,4,11,17,5,,,,,,
334,14,2,21,14,11,7,2,8,11,18,16,27,1,6,6,7,7,7,18,1,1,3,4,3,18,7,0,6,3,-1,7,6,0,11,3,7,10,6,6,3,15,3,13,17,4,,,,,,
335,14,3,21,10,10,10,6,7,10,21,13,27,2,4,6,6,6,5,16,5,1,7,2,4,15,5,3,6,4,2,7,8,3,11,4,4,12,9,6,8,16,3,10,18,7,,,,,,
336,14,4,22,12,9,11,1,4,7,20,14,25,2,8,6,7,8,6,14,1,5,4,6,2,15,10,0,4,6,-1,4,7,1,9,3,3,13,8,3,3,16,3,12,19,5,,,,,,
337,14,5,21,16,10,12,1,7,9,17,14,26,3,8,7,8,11,7,16,1,2,4,4,3,16,11,1,7,2,-1,4,7,2,12,4,6,15,6,6,3,16,0,11,19,11,,,,,,
338,13,5,17,15,11,0,2,6,8,18,12,24,1,14,13,10,11,10,19,0,-2,3,11,6,16,14,-3,8,-3,2,4,4,-1,8,-2,7,16,3,4,5,13,-1,14,24,0,,,,,,
339,19,6,14,9,10,1,10,14,12,19,17,24,-1,2,8,-1,3,7,19,4,3,9,7,-6,14,3,-2,2,-3,6,13,-1,8,13,-4,6,2,7,10,7,17,-2,10,14,-1,,,,,,
340,9,8,17,7,8,-3,8,9,10,15,8,23,-1,3,2,-1,3,4,7,6,-2,8,-1,-8,6,5,-7,0,-2,4,8,-2,5,9,-8,2,4,9,4,9,13,-5,5,6,-1,,,,,,
341,7,9,14,3,9,-6,3,5,8,8,7,22,-3,-5,-2,-6,-4,-1,5,1,2,4,-4,-10,7,-3,-4,-6,-2,0,4,-3,1,7,-7,-2,-4,5,2,4,8,-6,3,4,-1,,,,,,
342,2,9,12,1,9,8,0,2,4,8,3,24,-4,-4,-5,-2,-1,-3,2,0,3,2,-4,-4,1,-2,-5,-3,-1,-1,1,-2,-2,5,0,-5,-1,3,1,2,5,1,-1,4,0,,,,,,
343,2,7,16,4,8,7,0,0,2,4,2,24,-2,-3,-2,-3,1,-4,5,-1,7,1,-4,-6,3,-1,-5,1,-2,-1,0,3,-1,1,-2,-4,5,2,-1,1,4,3,-1,11,0,,,,,,
344,3,7,21,7,8,7,0,1,2,5,1,25,-3,0,-2,1,5,-2,7,-2,10,2,-4,-6,6,4,-5,6,-2,-1,1,2,-3,2,4,-2,8,2,1,2,3,9,2,12,-1,,,,,,
345,8,7,18,12,8,7,2,3,6,7,6,25,-4,4,1,1,5,3,12,-3,8,2,-4,-3,11,6,-5,4,-2,-1,2,4,-2,5,0,0,11,1,3,2,7,3,7,16,-3,,,,,,
346,9,6,16,8,8,8,1,3,3,9,5,26,-4,-2,-2,-4,1,0,9,-6,3,4,-6,-9,8,0,-7,0,-2,-2,2,3,-1,6,2,-2,4,1,1,5,9,4,3,11,-3,,,,,,
347,6,7,17,10,7,6,-4,-3,-1,7,4,23,-4,4,-1,4,9,0,8,-6,7,-2,-8,-6,7,7,-6,6,-2,-4,-3,3,-7,0,4,-4,9,3,-4,-3,4,4,2,9,-3,,,,,,
348,7,7,16,7,8,-2,-5,0,3,11,7,24,-3,-2,-2,-1,5,2,11,-9,13,-4,-11,-7,8,1,-7,4,-1,-9,-3,1,-8,7,-1,-3,5,3,-2,-4,9,1,5,13,1,,,,,,
349,3,4,16,4,8,6,-8,-4,-2,14,3,24,-2,0,-2,3,4,-1,7,-10,6,-6,-6,-4,3,1,-3,3,-1,-12,-6,-2,-9,3,3,-5,4,2,-5,-7,9,3,2,11,2,,,,,,
350,4,3,14,6,10,3,-4,0,3,12,4,23,-2,8,5,7,10,5,10,-6,1,-2,-6,-3,6,9,-2,5,0,-7,-2,-1,-6,3,1,3,8,4,2,-3,5,3,4,8,1,,,,,,
351,7,1,13,7,10,-1,-5,3,4,15,4,23,-2,8,5,1,8,6,16,-9,1,-3,-4,-4,12,7,-1,1,-3,-11,2,2,-8,4,-2,1,4,7,1,-6,7,1,7,11,1,,,,,,
352,13,-2,14,10,9,3,0,7,9,22,12,24,3,8,7,3,6,8,18,-11,-3,-1,3,1,16,8,3,4,0,-8,6,1,-2,9,4,6,8,9,4,-1,16,4,9,12,2,,,,,,
353,16,-3,13,11,8,4,7,9,11,22,12,26,5,6,7,6,5,10,21,-3,-6,6,4,-1,19,7,-1,3,3,0,9,1,7,12,-1,8,11,9,11,7,16,1,9,18,4,,,,,,
354,19,1,14,13,8,11,4,6,8,22,16,22,4,3,4,2,4,8,19,-1,-4,4,-2,-7,16,7,-8,1,3,0,6,1,2,11,-7,2,11,6,4,4,16,0,11,18,7,,,,,,
355,12,-3,10,13,7,-7,1,1,4,17,13,23,-2,4,4,1,6,7,17,-9,-3,-1,-1,-6,16,11,-14,1,-4,-6,1,2,-3,7,-13,2,10,-1,1,0,12,-9,11,18,0,,,,,,
356,14,-6,8,12,5,-2,-2,4,8,16,13,23,1,7,8,-4,-2,13,24,-12,-7,-1,1,-6,22,3,-9,-4,0,-7,3,-2,-6,9,-8,10,0,3,4,-1,14,-9,14,13,-1,,,,,,
357,17,-7,10,6,8,-3,-1,12,13,19,15,24,-6,0,2,-6,-4,8,16,-4,,1,-2,-9,15,0,-16,-7,8,-2,9,-1,-1,16,-10,5,1,4,7,6,17,-11,13,8,4,,,,,,
358,9,-9,13,3,8,-10,1,3,6,17,8,24,-9,-6,-3,-7,-5,-1,12,-3,,2,-7,-10,8,-4,-18,-11,6,-2,3,3,-1,11,-14,-2,-1,1,3,3,14,-9,2,11,-2,,,,,,
359,3,-7,13,0,9,-11,0,1,2,10,2,24,-6,-10,-7,-13,-6,-3,7,-8,,-1,-10,-18,3,-4,-16,-12,6,-4,1,4,-4,4,-22,-7,-1,3,-1,1,7,-16,-2,7,1,,,,,,
360,6,-5,13,1,8,-13,-7,-1,2,11,4,22,-5,-14,-12,-16,-12,-3,8,-9,,-5,-16,-20,5,-8,-16,-18,4,-9,-3,4,-9,2,-24,-10,-3,0,-3,-5,6,-20,2,8,-3,,,,,,
361,6,-7,16,-3,8,-3,-9,-5,-3,11,4,23,-4,-17,-16,-18,-13,-8,6,-16,,-9,-16,-19,3,-13,-14,-19,3,-16,-6,5,-14,2,-22,-14,-5,6,-7,-8,7,-17,-4,4,-2,,,,,,
362,6,-8,15,-4,8,2,-13,-8,-6,8,3,24,-5,-11,-12,-11,-4,-8,6,-19,,-13,-17,-14,2,-8,-11,-8,3,-17,-8,3,-17,-4,-16,-12,1,8,-9,-12,3,-13,-4,7,1,,,,,,
363,6,-9,16,1,8,3,-12,-7,-3,5,6,24,-1,-10,-8,-12,-4,-5,7,-21,,-13,-11,-17,3,-4,-17,-10,7,-19,-8,2,-14,-2,-21,-9,2,12,-8,-11,4,-16,-1,7,1,,,,,,
364,4,-13,17,2,8,-2,-11,-6,-2,8,4,23,1,-11,-13,-18,-11,-7,13,-19,,-11,-14,-23,7,-8,-19,-15,10,-17,-7,4,-14,4,-27,-13,-2,9,-6,-10,7,-22,-2,12,4,,,,,,
365,3,-12,14,-4,8,-9,-14,-9,-7,9,0,24,-2,-17,-15,-22,-16,-10,3,-18,,-13,-15,-23,-1,-13,-22,-21,3,-19,-11,0,-16,-2,-27,-14,-9,4,-10,-12,2,-27,-7,2,1,,,,,,
